{"Discr Scale 1": 1.999, "_timestamp": 1700922770.5856473, "_runtime": 139.13302326202393, "_step": 35, "Discr Scale 0.5": 1.998, "Discr Scale 0.25": 2.0, "Total loss": 19.834, "Recon loss": 0.004, "_wandb": {"runtime": 140}}