{"Discr Scale 1": 2.001, "_timestamp": 1700923008.209502, "_runtime": 133.26039505004883, "_step": 35, "Discr Scale 0.5": 1.998, "Discr Scale 0.25": 1.999, "Total loss": 17.300408720970154, "Recon loss": 0.0035884416720364243, "_wandb": {"runtime": 134}}