{"Discr Scale 1": 1.997, "_timestamp": 1700923484.6342585, "_runtime": 135.77150344848633, "_step": 35, "Discr Scale 0.5": 1.997, "Discr Scale 0.25": 1.997, "Total loss": 20.423, "_wandb": {"runtime": 137}}