{"Discr Scale 1": 2.003, "_timestamp": 1700924898.792979, "_runtime": 1168.387195110321, "_step": 15, "Discr Scale 0.5": 2.002, "Discr Scale 0.25": 2.002, "Total loss": 27.836663246154785, "_wandb": {"runtime": 1175}}