{"Discr Scale 1": 1.999, "_timestamp": 1700926185.836494, "_runtime": 134.43720388412476, "_step": 35, "Discr Scale 0.5": 1.995, "Discr Scale 0.25": 1.997, "Total loss": 19.596, "Recon loss": 0.004, "_wandb": {"runtime": 135}}