{"Discr Scale 1": 2.0, "_timestamp": 1700925075.8953333, "_runtime": 161.85322332382202, "_step": 7, "Discr Scale 0.5": 2.0, "Discr Scale 0.25": 2.0, "Total loss": 18.539508819580078, "_wandb": {"runtime": 165}}